blockslot,randao
0,
1,
2,
3,
4,
5,
6,
7,
8,
9,
10,
11,
12,
13,
14,
15,
16,
17,
18,
19,
20,
21,
22,
23,
24,
25,
26,
27,
28,
29,
30,
31,
32,0xaedf2753f7fd0518867eb790ed58b171f0996004463d79fe2c703c88aa69aa2d
33,0x1474b0fad88f78d4c03b5775db45ead6b30ab6f67d95e3ac8f98b8f5f3699704
34,0xd3d45a8efd246823fa0b7b6107a6aec21ad13adea0f31ad9e717a9898aa531d7
35,0x2131f29192bcc1955351a022a63a793fe3575906e0505b1f2ec1ee1d7d233929
36,0xc0206a6973b3f7c8ca62939131e612f5479291fd4bba3ec0d656671ee607f5da
37,0xc0206a6973b3f7c8ca62939131e612f5479291fd4bba3ec0d656671ee607f5da
38,0x94ab1f23cf816eb3a3ace89f33c3292332f4bb239b31ceadfa292538ecfbc54a
39,0xe0b7b1c32f7563777732899c11d2bf92fc63af8146b82713bb02f0d1fa4098fe
40,0xe0b7b1c32f7563777732899c11d2bf92fc63af8146b82713bb02f0d1fa4098fe
41,0xb6cc48797ca72fb8d32aca5fb21eada630de5beb8b829a130dc6aeff4513ac89
42,0xc0c7c61e6011a51231959116ba5dcf0654c9b02b4b410319d23bf1c8f95ed6f5
43,0xe1c79fb2ee47fdbc875f60c082fd4138c4adc8048537eae3abed1533f176941d
44,0xc2abe21b09f9f0d8785e84aa71a78ba5b17cf7243dd64fb2cb1ce2cfdc2403b1
45,0xc2abe21b09f9f0d8785e84aa71a78ba5b17cf7243dd64fb2cb1ce2cfdc2403b1
46,0xc2abe21b09f9f0d8785e84aa71a78ba5b17cf7243dd64fb2cb1ce2cfdc2403b1
47,0xd706dd830fa7d4fcf1f2703c20d01564a7b4e941f6898751bd82f7802754ab73
48,0xaa810e439c21b03e69023667ef8ba22b010441ebbf64f1e55c73775b908a6fe3
49,0x787c2cbc5659b03182b7b856ff128d827cae679361a6a5099da3665158866080
50,0xfab556ddb9c41e86b2b7a0238a0efde792dd45bf9f1481ae573e6cfd95bfdd22
51,0x44c2fc1b8cce1947cb45345fcd85d67b05c795d971e230da29571af0b7738edb
52,0x51342e5797f49490cf502681b60547c2ba0f0d2f6f34b431e6127f7ef15455a7
53,0xb008ad53f0b115a5501c95bb03b037d0a2a286d0dc84f8b2c0a251f5fdf8eff7
54,0x29fdab5362fc45ded822eefd1f782f201a73ee44251eea0dc316a49133b4663b
55,0x08ca3bd27fd2f739c86d4894d2aa675d564f14c16e4e775de262a9e5526917ef
56,0x08ca3bd27fd2f739c86d4894d2aa675d564f14c16e4e775de262a9e5526917ef
57,0x08ca3bd27fd2f739c86d4894d2aa675d564f14c16e4e775de262a9e5526917ef
58,0xc9fa6bfadb6bcfb6c3bf10318aea4bc6c217d408d486ba32b5757381b70888f0
59,0xf65efb20afe8566dcd106fb8209306cd3e47161296f79b11b8fc397336872bb6
60,0x435aa11f5b1afc3d2c1c82fea9e5f798ee057ddd0fd777e563709ff633630b74
61,0x435aa11f5b1afc3d2c1c82fea9e5f798ee057ddd0fd777e563709ff633630b74
62,0x4f195ca05991d804a23efb8699dcffef1f2f0e511d17a996d474c3151ba11cbb
63,0x2c054da59da41371a75148181be79b97671e2ed4355fb0c524aaa238d7e42db5
64,0x2c054da59da41371a75148181be79b97671e2ed4355fb0c524aaa238d7e42db5
65,0x8f6c9523669966280058d834bbf12885e23cc5e15d52e58375c028a2ca1fa94f
66,0x1ebc56bec21c7dc07e83117b3507af7d99a37f058a5f0426ebd8e61c01966ba7
67,0x1ebc56bec21c7dc07e83117b3507af7d99a37f058a5f0426ebd8e61c01966ba7
68,0xe6a93b63220452ec3cdfba6f0679271a38d4b8ad8ad3174f0cd4549226e7777d
69,0xbec62322051f5b2fc4915e5293cbdf35256dbd717578a6c9b373f77822d680b9
70,0x5994ab4aa72ccf84c2eb172cf4235e273fb410cd0181916e41b7224aea8b7144
71,0x5994ab4aa72ccf84c2eb172cf4235e273fb410cd0181916e41b7224aea8b7144
72,0x5994ab4aa72ccf84c2eb172cf4235e273fb410cd0181916e41b7224aea8b7144
73,0x26d3398f1ac1c22381011c66b980bba462fda202f9c84b97d00bdc2d53de8040
74,0xbc110ef4cb17336e8f63e0ef2336c42540c2db3d42245470f34e77cef70386c0
75,0xa0c5e9e557a83a6e7db78310f27c212c160c1a0981b79ff74f36653806a72996
76,0x8f8634c5f08a2f7dc1caa77e25e21e1e69649dde4d4bd44940c64d87150391cd
77,0xd1db584a6a07f4b06659cf7b80f6ab26463e3588f077c7c15e6e79809ab27934
78,0x9bfd7d08cb289a4ac7d6c76fa9de6993e6e392df5f19177e47aa18de75a9b9b0
79,0x78f2310ae3e98879fa733ba52a84541b70acc97e260f5fd2392de1c30685bae7
80,0x29e2b0d697f28d87cfca92c4859d7bbfc67e1eb0931e4c5e9b36df0f14adad39
81,0x29e2b0d697f28d87cfca92c4859d7bbfc67e1eb0931e4c5e9b36df0f14adad39
82,0x0f0b030628cb8908924ebddcbb8dd3d3e2aea638f833f7ba6c0d3c011437f0db
83,0x6f69dad5ffb440f789a25c512ea645fefbb732bf6a61acd1ab95d908c02dd178
84,0x0049beeeccfcd066099e9ba84117eb684d0b00078784c6f353fdf086398ff528
85,0xd4282496f2fecc8e44f72f8c7e7642c34787f732b5f24f21528f747f319da7a2
86,0x117f8cefbe528266cd02a6dcd95b3d48e4c65cdb0b432a082a71b1c638818ea2
87,0xb5e2d76b4325a46aa439da004c94b9c108e01ff22c305ff4c29cff4034725c5a
88,0xb5e2d76b4325a46aa439da004c94b9c108e01ff22c305ff4c29cff4034725c5a
89,0x4cb775b428e1abe3b2df005da71b4147e0c1bbdd19c13eb3a868f493ed985678
90,0x01c1c6f916c9cf7460e165589c585db22a7faadc60d7e4a8fbc41d3bd6243b9c
91,0x497c8a4f74a5fe59cd00feee769bf13ab7122fc66519e42da8b6c07a0b27ff7e
92,0x95eca4f21a82686f76c650de2445cb5288db1880669d371ddbc623dbb1a8bdac
93,0x47136f36529242d124985848ed7405f0d54a6a41429d745b3860937e6d626756
94,0x96814cf0a5be8e4e90535785c702d235f1cee063ab982ddded05289e61f767ec
95,0x9f9b1ed30050bcca663b41062db496c5d797b922ea459eb566bc0d46c1d66b24
96,0xe6687d54b933a18294c844acd39db336b70eaaad000cc1ae822c052acf1045d5
97,0x89c3a42ac92481f27dc39c44e469f05aa867fb360c74b3e356f834400ecb67a4
98,0x82cf958f31f4e0e5a8a6b9d25d29db9190022d4bd96647780170fa4d28fecea3
99,0x3515d946ef469899f0e9171d6fcebb33eb466f2077bf20031c643c63ce62d630
100,0xe826f57a6c1a7f2e8f61b59ca5b801cf8162c23dadc8d3678618c240edc96a05
101,0x02dab69c8dcddc449bf7f1ccb98412b21fa700a0e899afb5b3269cdd02f534f9
102,0x73347f83fbe938eaa30e81da4860c5cc6a7c4f6aad9e175ee1b54834de6d2042
103,0x36c7cda7a7a49908e2430069d6ef9f3cfef2dbbcf63132bdbec805119e4f9d98
104,0x96137d0da0c03a80426387d2cbe4c0277d705c7a99d40af31369eda9cea2c3c0
105,0xb32e21fa45e871760df1b538ee9648a79b1080666de3fa8e941f082c1b34dd2d
106,0x791f16e2952619aea1e3781101bbcc0f336a0b30c28b450814f75bed78c28565
107,0x791f16e2952619aea1e3781101bbcc0f336a0b30c28b450814f75bed78c28565
108,0x3d62c0b63b53a6a919edec8316d25e4dc668c4198ff208a99ceeecd56496fde8
109,0x68abe9629efa3e4d932fcaee990488db5ef0b67df57b8b65db71dd22b5b9ef46
110,0x304ca174f9d20d1d6147d543b1cbc44d59e43f0e52700e85e7c116ca514d63fa
111,0xd4221597b2d4febce34fb8bad038180e720b4048917b1bde46156069f3674655
112,0x8219aaeecfeae76a473e0b1b82ec7c83185a98f9b6618266ac96dfe57aff4092
113,0x8219aaeecfeae76a473e0b1b82ec7c83185a98f9b6618266ac96dfe57aff4092
114,0x2ba3b193408daf172f9466b53f2c7173e5c392286087487c144d64623576c473
115,0xec761e4cc998cdc5fe611cf3762de0d59c1492c93dd7516b5d890188450f8cc3
116,0xe1795a613d42ab94df46183b35f11018062cd76df7b5b7e009da3db41dbad89f
117,0x64bf6f60a3a0a0318eba331a1e4365171771d7f2771c78fb15be25409b8e23e3
118,0xaff835928d786ffb1b043895ce60c941acd81806c6f985f6252ab96f9216982a
119,0xfd981677d569a8e2ccc357a8a96f965306a620ae4dc91b41331c539d8f58ebc6
120,0x4835d5e7aabf5bec34582fe1f821e185511895eab545e7acc3c3619a4fee5281
121,0x07cd60e9cebf1bf8150af112e08aa20326397882de52b73fd37373fa8daac523
122,0x863ce97a15ef79efe17b65e4bb77f343fff99d55264d979e5115895f209419e8
123,0x863ce97a15ef79efe17b65e4bb77f343fff99d55264d979e5115895f209419e8
124,0x24b63649cff8bf73ac73570f2b81b6441b276b3fc03e3bd5c2795803abec145b
125,0x95e7ac2327d1f568cbbe322abfc890d539f5d52a157ce0b4573db012999e5613
126,0x770fddb86bb5c1cb57b285b6c5337c5f8f5184239eae45ede251a2bdcee6703f
127,0xbf606fd377e1dae753845576d5452d6a591a7bf3bbb6409dc6d61e382e3ad749
